<advancedsettings>
	<loglevel hide="true">1</loglevel>
	<network>
		<limitcacherate>false</limitcacherate>
		<curlclienttimeout>60</curlclienttimeout> 
		<curllowspeedtime>60</curllowspeedtime> 
		<curlretries>2</curlretries> 
		<disableipv6>true</disableipv6> 
	</network>
	<cache>
		<memorysize>152428800</memorysize>
		<buffermode>0</buffermode> 
		<readfactor>2.0</readfactor>
	</cache>
	<video>
		<timeseekforward>15</timeseekforward> <!-- Skip back time 15 s -->
		<timeseekbackward>-15</timeseekbackward> <!-- Skip forward time 15 s -->
		<playcountminimumpercent>95</playcountminimumpercent>
		<subsdelayrange>240</subsdelayrange> <!-- Subtitle offset adjustment range -->
	</video>
	<videoscanner>
		<ignoreerrors>true</ignoreerrors> <!-- Set to true to silently ignore errors while scanning videos. This prevents the error dialogue box, so you don't have to keep hitting "yes" to keep scanning.-->
	</videoscanner>
</advancedsettings> 